{"sections":{"main":{"type":"main-page","settings":{}},"16321214553b96781b":{"type":"collage","blocks":{"16321214553b96781b-0":{"type":"video","settings":{"video_url":"https:\/\/www.youtube.com\/watch?v=_9VUPq3SxOc","description":"Describe the video","image_padding":false}},"16321214553b96781b-1":{"type":"product","settings":{"product":"","second_image":false,"image_padding":false,"secondary_background":false}},"16321214553b96781b-2":{"type":"collection","settings":{"collection":"","image_padding":false,"color_scheme":"background-1"}}},"block_order":["16321214553b96781b-0","16321214553b96781b-1","16321214553b96781b-2"],"settings":{"heading":"Multimedia collage","desktop_layout":"left","mobile_layout":"collage"}},"163221515155cba509":{"type":"featured-product","blocks":{"163221515155cba509-0":{"type":"text","settings":{"text":"{{ section.settings.product.vendor }}","text_style":"uppercase"}},"163221515155cba509-1":{"type":"title","settings":{}},"163221515155cba509-2":{"type":"text","settings":{"text":"{{ section.settings.product.metafields.descriptors.subtitle.value }}","text_style":"subtitle"}},"163221515155cba509-3":{"type":"price","settings":{}},"163221515155cba509-4":{"type":"variant_picker","settings":{"picker_type":"button"}},"163221515155cba509-5":{"type":"quantity_selector","settings":{}},"163221515155cba509-6":{"type":"buy_buttons","settings":{"show_dynamic_checkout":true}},"163221515155cba509-7":{"type":"share","settings":{"share_label":"Share"}}},"block_order":["163221515155cba509-0","163221515155cba509-1","163221515155cba509-2","163221515155cba509-3","163221515155cba509-4","163221515155cba509-5","163221515155cba509-6","163221515155cba509-7"],"settings":{"product":"","secondary_background":false,"hide_variants":false,"enable_video_looping":false}}},"order":["main","16321214553b96781b","163221515155cba509"]}